{
  "macro_f1": 0.8901888341543513,
  "micro_f1": 0.9688644688644689,
  "roc_auc": 0.9951248708271181,
  "pr_auc": 0.8930997933093225,
  "group_f1_mean": 0.1565343915343915,
  "group_f1_std": 0.16972282169111458,
  "total_params": 34488075,
  "gflops": 15.762084224
}